City_ID,City,Country,Lat,Lng,Max Temp,Humidity,Cloudiness,Wind Speed,Weather Description
0,Kapaa,US,22.08,-159.32,82.0,88,90,6.93,moderate rain
1,Avarua,CK,-21.21,-159.78,77.0,78,92,8.05,overcast clouds
2,Busselton,AU,-33.65,115.33,57.99,57,0,8.14,clear sky
3,Ushuaia,AR,-54.8,-68.3,42.8,75,75,28.86,light rain
4,Eyl,SO,7.98,49.82,80.31,76,0,8.48,clear sky
5,Qasigiannguit,GL,68.82,-51.19,42.8,45,100,17.22,overcast clouds
6,Tarare,FR,45.9,4.43,45.0,87,37,1.05,scattered clouds
7,Sao Joao Da Barra,BR,-21.64,-41.05,75.2,69,75,16.11,broken clouds
8,Jamestown,US,42.1,-79.24,57.0,50,90,14.99,overcast clouds
9,Calabozo,VE,8.92,-67.43,83.12,83,100,3.15,moderate rain
10,Presidencia Roque Saenz Pena,AR,-26.79,-60.44,97.2,32,7,9.26,clear sky
11,Bredasdorp,ZA,-34.53,20.04,60.8,77,100,1.12,overcast clouds
12,Tateyama,JP,34.98,139.87,57.2,76,75,10.29,broken clouds
13,Hithadhoo,MV,-0.6,73.08,83.37,77,100,15.61,overcast clouds
14,Ontario,US,34.06,-117.65,89.6,25,20,6.35,few clouds
15,Tezu,IN,27.92,96.17,73.4,69,0,3.44,light rain
16,Port Alfred,ZA,-33.59,26.89,61.77,82,59,7.61,broken clouds
17,Arraial Do Cabo,BR,-22.97,-42.03,73.4,73,40,16.11,scattered clouds
18,Puerto Ayacucho,VE,5.66,-67.62,88.77,60,46,1.74,light rain
19,Natal,BR,-5.79,-35.21,82.4,65,40,16.11,scattered clouds
20,Porto Walter,BR,-8.27,-72.74,86.92,56,100,3.42,overcast clouds
21,Los Llanos De Aridane,ES,28.66,-17.92,75.2,73,20,13.87,few clouds
22,Lebu,CL,-37.62,-73.65,55.31,65,0,7.02,clear sky
23,Atambua,ID,-9.11,124.89,73.13,81,9,1.79,clear sky
24,Assiniboia,CA,49.63,-105.98,23.97,84,70,9.46,broken clouds
25,Carnarvon,AU,-24.87,113.63,69.8,83,90,12.75,overcast clouds
26,Butaritari,KI,3.07,172.79,82.04,72,99,18.1,overcast clouds
27,Georgetown,MY,5.41,100.34,80.6,88,20,4.7,light rain
28,Hobart,AU,-42.88,147.33,50.0,57,75,9.17,broken clouds
29,Dekar,BW,-21.53,21.93,76.23,17,0,9.82,clear sky
30,Vaini,TO,-21.2,-175.2,69.8,88,75,15.46,broken clouds
31,Sibolga,ID,1.74,98.78,77.59,73,100,3.36,light rain
32,Rikitea,PF,-23.12,-134.97,74.91,81,100,19.8,light rain
33,Bryan,US,30.67,-96.37,89.6,48,40,14.99,scattered clouds
34,Narsaq,GL,60.92,-46.05,37.4,74,87,2.24,overcast clouds
35,Coari,BR,-4.08,-63.14,87.31,59,96,1.43,overcast clouds
36,Diffa,NE,13.32,12.61,88.83,14,0,5.59,clear sky
37,Dikson,RU,73.51,80.55,27.63,90,99,29.97,overcast clouds
38,Bluff,NZ,-46.6,168.33,46.99,95,100,4.0,moderate rain
39,Tam Ky,VN,15.57,108.48,77.0,100,75,1.12,moderate rain
40,Pajapan,MX,18.25,-94.7,86.0,70,40,12.75,scattered clouds
41,Talcahuano,CL,-36.72,-73.12,60.8,55,20,13.87,few clouds
42,Hermanus,ZA,-34.42,19.23,61.0,84,100,6.13,overcast clouds
43,Loandjili,CG,-4.76,11.86,78.8,88,75,9.17,broken clouds
44,Norman Wells,CA,65.28,-126.83,17.6,78,20,6.93,few clouds
45,Dudinka,RU,69.41,86.18,15.8,92,90,8.95,light snow
46,New Norfolk,AU,-42.78,147.06,48.99,70,90,1.99,overcast clouds
47,Grindavik,IS,63.84,-22.43,42.8,87,20,18.34,few clouds
48,Sept-Iles,CA,50.2,-66.38,44.6,87,75,6.93,broken clouds
49,Vestmanna,FO,62.16,-7.17,39.2,93,100,6.93,light rain
50,Arrecife,ES,28.96,-13.55,69.8,73,20,5.82,few clouds
51,Portel,BR,-1.94,-50.82,92.03,45,96,7.31,overcast clouds
52,Kaitangata,NZ,-46.28,169.85,51.01,89,99,2.19,light rain
53,Qaanaaq,GL,77.48,-69.36,33.13,88,93,7.85,overcast clouds
54,Gao,ML,16.64,1.64,94.15,13,7,8.37,clear sky
55,Pimentel,PE,-6.84,-79.93,71.6,60,25,24.16,scattered clouds
56,Tasiilaq,GL,65.61,-37.64,33.8,80,41,10.29,scattered clouds
57,Maceio,BR,-9.67,-35.74,78.8,69,20,10.29,few clouds
58,Kuytun,RU,54.34,101.5,43.65,77,100,3.33,overcast clouds
59,Ararat,AM,39.83,44.7,59.0,27,0,4.7,clear sky
60,Mogadishu,SO,2.04,45.34,78.96,81,45,11.83,scattered clouds
61,Mount Gambier,AU,-37.83,140.77,48.2,100,90,6.93,overcast clouds
62,Bourail,NC,-21.57,165.48,69.55,65,0,4.72,clear sky
63,Mataura,NZ,-46.19,168.86,46.99,95,100,4.0,light rain
64,Alexandria,EG,31.22,29.96,75.2,78,0,5.82,clear sky
65,Santa Ana,US,33.75,-117.87,84.0,57,20,10.29,few clouds
66,Lerwick,GB,60.15,-1.15,41.0,86,75,9.17,light rain
67,Makakilo City,US,21.35,-158.09,84.2,70,20,8.05,few clouds
68,Oussouye,SN,12.48,-16.55,86.0,89,40,8.55,scattered clouds
69,Lagoa,PT,39.05,-27.98,62.74,67,70,18.25,broken clouds
70,Eldorado,BR,-23.79,-54.28,85.1,47,97,6.04,overcast clouds
71,Dabat,ET,12.98,37.77,53.71,80,39,0.69,scattered clouds
72,Beringovskiy,RU,63.05,179.32,34.0,86,0,4.03,clear sky
73,Kahului,US,20.89,-156.47,87.8,55,40,6.93,scattered clouds
74,Thompson,CA,55.74,-97.86,30.2,80,75,6.93,light shower snow
75,Mar Del Plata,AR,-38.0,-57.56,75.2,78,48,9.17,scattered clouds
76,Pemangkat,ID,1.17,108.97,77.81,85,100,5.08,overcast clouds
77,East London,ZA,-33.02,27.91,64.99,71,67,6.91,broken clouds
78,Mezhdurechensk,RU,53.69,88.06,32.09,93,99,9.17,overcast clouds
79,Ponta Do Sol,PT,32.67,-17.1,73.4,83,75,24.16,broken clouds
80,Murmansk,RU,68.0,34.0,28.2,96,100,11.59,overcast clouds
81,Ballitoville,ZA,-29.54,31.21,71.6,73,75,11.41,broken clouds
82,Paciran,ID,-6.88,112.38,78.93,80,69,5.77,light rain
83,Goderich,CA,43.75,-81.72,53.01,80,100,1.99,light rain
84,Shenjiamen,CN,29.96,122.3,66.27,62,100,11.74,light rain
85,Adrar,MR,20.5,-10.07,91.26,18,1,9.08,clear sky
86,Necochea,AR,-38.55,-58.74,66.0,65,54,3.0,light rain
87,Ossora,RU,59.24,163.07,34.92,84,97,7.0,overcast clouds
88,Tiznit,MA,29.58,-9.5,70.77,33,100,4.43,overcast clouds
89,Cairns,AU,-16.92,145.77,68.0,88,14,4.43,few clouds
90,Hilo,US,19.73,-155.09,77.0,83,90,9.17,light rain
91,Geraldton,AU,-28.77,114.6,57.2,93,90,5.82,overcast clouds
92,Havre-Saint-Pierre,CA,50.23,-63.6,44.6,56,1,5.82,clear sky
93,Belaya Gora,RU,68.53,146.42,20.12,97,99,9.33,light snow
94,Opelousas,US,30.53,-92.08,82.99,61,90,5.82,overcast clouds
95,Biak,ID,-0.91,122.88,76.03,81,92,5.12,overcast clouds
96,Lucea,JM,18.45,-78.17,80.6,83,40,8.05,scattered clouds
97,Hami,CN,42.8,93.45,45.88,47,94,2.91,overcast clouds
98,Barrow,US,71.29,-156.79,21.2,79,1,16.11,clear sky
99,Kodiak,US,57.79,-152.41,44.6,75,90,6.93,light rain
100,Nikolskoye,RU,59.7,30.79,37.4,86,90,6.71,overcast clouds
101,Mehamn,NO,71.04,27.85,24.8,92,76,6.93,broken clouds
102,Green River,US,41.53,-109.47,62.6,29,40,21.92,scattered clouds
103,Det Udom,TH,14.91,105.08,73.4,100,90,3.36,overcast clouds
104,Walvis Bay,NA,-22.96,14.51,60.01,82,0,3.36,clear sky
105,Greytown,ZA,-29.06,30.59,63.27,88,87,4.85,overcast clouds
106,Flinders,AU,-34.58,150.86,59.0,82,95,1.01,overcast clouds
107,Abay,KZ,49.63,72.85,14.0,85,0,4.47,clear sky
108,Dunedin,NZ,-45.87,170.5,51.01,89,100,2.04,overcast clouds
109,Ilulissat,GL,69.22,-51.1,42.8,45,100,17.22,overcast clouds
110,Baijiantan,CN,45.63,85.18,60.76,31,82,14.45,broken clouds
111,Aklavik,CA,68.22,-135.01,12.2,85,5,3.36,clear sky
112,Vardo,NO,70.37,31.11,39.2,64,40,13.87,scattered clouds
113,Shahr-E Kord,IR,32.33,50.86,37.44,67,0,1.57,clear sky
114,Ancud,CL,-41.87,-73.82,53.01,81,75,11.41,shower rain
115,Punta Arenas,CL,-53.15,-70.92,48.2,57,40,23.04,scattered clouds
116,Albany,US,42.6,-73.97,62.01,40,100,1.01,overcast clouds
117,Yulara,AU,-25.24,130.99,66.2,93,90,11.41,overcast clouds
118,Aljezur,PT,37.32,-8.8,57.0,81,19,1.01,few clouds
119,Talnakh,RU,69.49,88.4,15.8,92,90,6.71,light snow
120,Lavrentiya,RU,65.58,-171.0,35.65,89,20,3.33,few clouds
121,Jimma,ET,7.67,36.83,60.85,86,95,1.48,overcast clouds
122,Tuatapere,NZ,-46.13,167.68,46.99,95,100,4.0,light rain
123,Yellowknife,CA,62.46,-114.35,28.99,92,90,8.05,mist
124,Balad,IQ,34.02,44.15,73.26,25,0,6.93,clear sky
125,Wanning,CN,18.8,110.4,77.43,87,100,19.82,light rain
126,Mabaruma,GY,8.2,-59.78,85.26,64,99,7.07,overcast clouds
127,Nuuk,GL,64.18,-51.72,53.6,50,40,20.8,scattered clouds
128,Graaff-Reinet,ZA,-32.25,24.53,57.99,65,0,3.0,clear sky
129,Tuktoyaktuk,CA,69.45,-133.04,15.8,92,20,3.36,few clouds
130,Khatanga,RU,71.97,102.5,7.18,85,50,8.79,scattered clouds
131,Bethel,US,41.37,-73.41,61.0,51,40,8.05,scattered clouds
132,Merauke,ID,-8.47,140.33,77.63,84,100,9.82,overcast clouds
133,Nabire,ID,-3.37,135.48,75.15,88,100,2.66,moderate rain
134,Turukhansk,RU,65.82,87.98,23.85,98,100,13.4,light snow
135,Haines Junction,CA,60.75,-137.51,23.88,79,100,1.21,overcast clouds
136,Puerto Ayora,EC,-0.74,-90.35,78.8,69,40,18.34,scattered clouds
137,Vysokogornyy,RU,50.12,139.15,21.94,83,0,10.49,clear sky
138,Katsuura,JP,35.13,140.3,57.2,76,75,10.29,broken clouds
139,Ribeira Grande,PT,38.52,-28.7,62.6,72,40,19.46,scattered clouds
140,Marsh Harbour,BS,26.54,-77.06,78.37,79,100,5.88,overcast clouds
141,Kaeo,NZ,-35.1,173.78,61.0,91,21,11.99,few clouds
142,Serenje,ZM,-13.23,30.24,66.99,44,0,4.41,clear sky
143,Lorengau,PG,-2.02,147.27,81.88,79,100,8.05,overcast clouds
144,Enshi,CN,30.3,109.48,52.34,84,86,1.12,overcast clouds
145,Coos Bay,US,43.37,-124.22,73.0,72,90,3.36,overcast clouds
146,Pochinok,RU,54.41,32.44,38.32,88,100,16.82,light rain
147,Salamiyah,SY,35.01,37.05,63.16,38,100,4.0,overcast clouds
148,Cururupu,BR,-1.83,-44.87,83.39,64,98,6.2,overcast clouds
149,Cidreira,BR,-30.18,-50.21,69.37,80,47,19.46,scattered clouds
150,Jieshi,CN,22.81,115.83,73.99,69,14,1.99,few clouds
151,Hollabrunn,AT,48.55,16.08,46.0,86,59,6.06,broken clouds
152,Birao,CF,10.28,22.79,76.89,46,28,2.84,scattered clouds
153,Souillac,MU,-20.52,57.52,73.4,78,40,11.41,scattered clouds
154,Black Forest,US,39.01,-104.7,33.8,54,90,13.87,overcast clouds
155,Kuala Lipis,MY,4.18,102.05,74.28,92,100,1.3,overcast clouds
156,Canberra,AU,-35.28,149.13,52.0,87,40,5.82,scattered clouds
157,Comodoro Rivadavia,AR,-45.87,-67.5,68.0,24,40,28.86,scattered clouds
158,Kavieng,PG,-2.57,150.8,82.2,76,56,10.29,broken clouds
159,Port Elizabeth,ZA,-33.92,25.57,57.2,87,0,3.36,clear sky
160,Cape Town,ZA,-33.93,18.42,61.0,82,20,13.87,few clouds
161,Mpongwe,ZM,-13.51,28.16,71.69,32,0,8.7,clear sky
162,Igboho,NG,8.83,3.75,75.78,81,0,2.51,clear sky
163,Saint Anthony,US,45.02,-93.22,33.8,50,90,6.93,overcast clouds
164,Guiyang,CN,26.58,106.72,50.0,93,75,4.47,broken clouds
165,Esperance,AU,-33.87,121.9,51.8,100,96,8.05,overcast clouds
166,Sao Filipe,CV,14.9,-24.5,80.47,80,0,5.46,clear sky
167,Izumo,JP,35.37,132.77,53.6,93,75,4.7,broken clouds
168,Pedra Azul,BR,-16.01,-41.3,74.19,61,100,7.23,overcast clouds
169,Cabedelo,BR,-6.98,-34.83,80.6,69,20,12.75,few clouds
170,Tres Lagoas,BR,-20.75,-51.68,96.42,21,56,10.54,broken clouds
171,Mayumba,GA,-3.43,10.66,77.97,89,100,8.34,light rain
172,Praxedis Guerrero,MX,31.37,-106.02,87.8,8,5,13.87,clear sky
173,Grand Gaube,MU,-20.01,57.66,72.0,73,0,3.0,clear sky
174,Veraval,IN,20.9,70.37,82.04,84,100,7.58,light rain
175,Fortuna,US,40.6,-124.16,62.6,59,20,14.99,few clouds
176,Kuala Terengganu,MY,5.33,103.14,77.0,94,20,2.24,few clouds
177,Mildura,AU,-34.2,142.15,43.0,93,0,4.7,clear sky
178,Te Anau,NZ,-45.42,167.72,44.53,92,100,2.28,light rain
179,Saskylakh,RU,71.92,114.08,20.79,97,100,6.51,overcast clouds
180,Luanda,AO,-8.84,13.23,77.0,83,75,6.93,broken clouds
181,Padang,ID,-0.95,100.35,78.17,77,98,3.91,overcast clouds
182,Leningradskiy,RU,69.38,178.42,22.37,88,0,6.67,clear sky
183,Hay River,CA,60.82,-115.8,26.6,58,75,8.05,broken clouds
184,Upernavik,GL,72.79,-56.15,31.55,93,6,10.11,clear sky
185,Barsovo,RU,61.17,73.17,30.2,74,75,8.95,broken clouds
186,Jumla,NP,29.27,82.18,51.51,64,3,4.65,clear sky
187,Isangel,VU,-19.55,169.27,74.46,67,2,5.68,clear sky
188,Salalah,OM,17.02,54.09,78.8,34,0,4.7,clear sky
189,Sabang,ID,5.89,95.32,83.19,73,99,15.93,overcast clouds
190,High Rock,BS,26.62,-78.28,82.4,78,75,14.99,broken clouds
191,Boa Vista,BR,2.82,-60.67,96.8,34,40,9.17,scattered clouds
192,Provideniya,RU,64.38,-173.3,35.6,80,75,4.47,broken clouds
193,Manoel Urbano,BR,-8.84,-69.26,85.19,61,75,7.83,moderate rain
194,Gramsh,AL,40.87,20.18,55.33,68,0,3.02,clear sky
195,Wadern,DE,49.53,6.88,46.0,91,100,1.01,overcast clouds
196,Meulaboh,ID,4.14,96.13,76.26,83,100,4.03,overcast clouds
197,Gornyy,RU,55.12,83.91,29.97,93,58,13.31,broken clouds
198,Hofn,IS,64.25,-15.21,43.27,74,80,17.11,broken clouds
199,Christchurch,NZ,-43.53,172.63,57.99,93,100,1.12,overcast clouds
200,Nanortalik,GL,60.14,-45.24,39.0,95,92,8.46,overcast clouds
201,Leiyang,CN,26.4,112.86,55.99,91,99,6.06,overcast clouds
202,Nushki,PK,29.55,66.02,47.59,44,0,1.21,clear sky
203,Yumen,CN,40.28,97.2,44.47,45,100,19.95,overcast clouds
204,Port Lincoln,AU,-34.73,135.87,51.82,80,41,7.2,scattered clouds
205,Pevek,RU,69.7,170.31,23.85,94,96,16.71,overcast clouds
206,Saint George,US,37.1,-113.58,82.99,10,1,6.38,clear sky
207,Severo-Kurilsk,RU,50.68,156.12,45.66,82,5,13.49,clear sky
208,Riyadh,SA,24.69,46.72,68.0,24,0,3.36,clear sky
209,Ilheus,BR,-14.79,-39.05,76.21,74,6,9.84,clear sky
210,Olga,RU,43.74,135.29,40.3,71,35,6.44,scattered clouds
211,Zaozerne,UA,45.16,33.28,61.38,68,19,6.24,few clouds
212,Atuona,PF,-9.8,-139.03,77.76,77,3,18.88,light rain
213,San Quintin,MX,30.48,-115.95,81.93,42,99,17.07,overcast clouds
214,Saint-Philippe,RE,-21.36,55.77,69.8,68,4,3.36,clear sky
215,Okhotsk,RU,59.38,143.3,25.03,85,34,15.61,scattered clouds
216,Chuy,UY,-33.7,-53.46,75.88,62,0,7.63,clear sky
217,Sulangan,PH,11.14,123.72,83.64,77,100,11.92,light rain
218,Hobyo,SO,5.35,48.53,80.01,77,3,18.12,clear sky
219,San Ramon,US,37.78,-121.98,90.0,16,1,6.93,clear sky
220,Portland,US,45.52,-122.68,66.2,68,75,11.41,broken clouds
221,Mombetsu,JP,44.35,143.35,49.87,79,54,9.48,broken clouds
222,Ambulu,ID,-8.35,113.61,75.0,88,64,4.29,broken clouds
223,San Cristobal,VE,7.77,-72.22,93.2,34,20,14.99,few clouds
224,Naustdal,NO,61.51,5.72,39.2,86,40,3.36,scattered clouds
225,Konevo,RU,62.12,39.32,31.41,99,100,4.18,overcast clouds
226,Broken Hill,AU,-31.95,141.43,44.6,81,0,6.93,clear sky
227,Kampot,KH,10.62,104.18,77.16,87,100,3.87,light rain
228,Benguela,AO,-12.58,13.41,75.49,76,43,2.62,scattered clouds
229,Harlingen,US,26.19,-97.7,91.99,52,40,14.99,scattered clouds
230,Tamandare,BR,-8.76,-35.1,77.09,73,91,9.42,overcast clouds
231,Bathsheba,BB,13.22,-59.52,84.2,70,40,4.7,shower rain
232,Paoua,CF,7.24,16.44,72.23,83,18,1.07,few clouds
233,Cabo San Lucas,MX,22.89,-109.91,90.0,70,40,2.24,scattered clouds
234,Kirovskiy,RU,45.09,133.51,35.55,86,0,4.34,clear sky
235,Port Blair,IN,11.67,92.75,80.53,83,100,14.67,light rain
236,Panama City,PA,8.99,-79.52,79.0,88,75,8.05,broken clouds
237,Krasnovishersk,RU,60.41,57.08,32.65,96,100,9.98,overcast clouds
238,Megion,RU,61.03,76.11,26.6,86,13,8.95,few clouds
239,Byron Bay,AU,-28.65,153.62,62.6,100,75,6.06,broken clouds
240,Clyde River,CA,70.47,-68.59,30.2,92,90,6.93,overcast clouds
241,Royan,FR,45.63,-1.03,50.0,81,73,2.24,broken clouds
242,Chapais,CA,49.78,-74.85,46.4,75,90,16.11,overcast clouds
243,Chimore,BO,-16.98,-65.13,101.32,22,50,4.94,scattered clouds
244,Bandarbeyla,SO,9.49,50.81,79.43,80,0,3.13,clear sky
245,Paamiut,GL,61.99,-49.67,42.46,85,44,33.91,scattered clouds
246,Olafsvik,IS,64.89,-23.71,42.04,78,53,30.53,broken clouds
247,Chokurdakh,RU,70.63,147.92,19.04,98,92,6.26,overcast clouds
248,Ahipara,NZ,-35.17,173.17,61.38,82,22,8.97,few clouds
249,Pringsewu,ID,-5.36,104.97,73.87,93,97,2.64,overcast clouds
250,Baherden,TM,38.44,57.43,62.29,28,0,9.22,clear sky
251,Ouallam,NE,14.32,2.09,96.17,20,71,8.72,broken clouds
252,Sitka,US,57.05,-135.33,42.8,70,90,11.41,overcast clouds
253,Ochando,ES,41.05,-4.44,54.0,52,100,8.21,overcast clouds
254,Castro,BR,-24.79,-50.01,69.03,74,100,7.49,overcast clouds
255,Goes,NL,51.5,3.89,50.0,95,61,1.01,broken clouds
256,Belmonte,BR,-15.86,-38.88,75.2,78,75,5.82,broken clouds
257,Shalinskoye,RU,55.72,93.76,29.89,91,21,13.44,few clouds
258,Markova,UA,48.68,24.41,38.64,81,32,7.52,scattered clouds
259,Beyneu,KZ,45.32,55.2,57.24,32,0,14.2,clear sky
260,Sungaipenuh,ID,-2.08,101.38,65.48,90,96,1.74,overcast clouds
261,Rio Grande,BR,-32.03,-52.1,77.0,65,0,7.0,clear sky
262,Havoysund,NO,71.0,24.66,37.4,93,40,5.82,shower rain
263,Taitung,TW,22.76,121.14,76.69,79,99,13.69,light rain
264,Ferme-Neuve,CA,46.7,-75.45,50.05,60,100,15.05,overcast clouds
265,Pangnirtung,CA,66.15,-65.71,46.4,84,90,18.34,light rain
266,Imbituba,BR,-28.24,-48.67,71.6,78,75,13.87,broken clouds
267,Dondo,MZ,-19.61,34.74,71.6,83,0,5.82,clear sky
268,Koslan,RU,63.46,48.9,30.09,98,100,9.1,overcast clouds
269,Kedrovyy,RU,56.17,91.82,33.8,55,40,11.18,scattered clouds
270,Homer,US,59.64,-151.55,39.99,86,75,1.99,broken clouds
271,Tiarei,PF,-17.53,-149.33,84.2,74,40,16.11,scattered clouds
272,Ploemeur,FR,47.73,-3.43,48.0,87,100,5.82,overcast clouds
273,Anadyr,RU,64.75,177.48,17.6,92,0,4.47,fog
274,Vao,NC,-22.67,167.48,70.95,81,15,17.36,few clouds
275,Okha,RU,53.57,142.95,35.2,86,87,20.56,overcast clouds
276,Roma,US,43.21,-75.46,61.0,50,1,10.29,clear sky
277,Longyearbyen,SJ,78.22,15.64,26.6,73,20,8.05,few clouds
278,Manzanillo,CU,20.34,-77.12,86.67,67,95,3.33,light rain
279,Bengkulu,ID,-3.8,102.27,75.06,93,100,6.67,moderate rain
280,Buchanan,LR,5.88,-10.05,78.8,88,75,6.87,broken clouds
281,San Andres,CO,12.58,-81.7,86.0,79,75,5.82,broken clouds
282,Tura,IN,25.52,90.22,73.0,90,0,1.72,clear sky
283,Lebanon,US,36.21,-86.29,66.0,77,75,4.7,broken clouds
284,Airai,TL,-8.93,125.41,60.22,69,23,2.26,few clouds
285,La Ronge,CA,55.1,-105.28,28.4,74,90,11.41,overcast clouds
286,Hasaki,JP,35.73,140.83,48.2,100,40,5.82,fog
287,Baglung,NP,28.27,83.59,66.04,75,64,1.81,light rain
288,Syedove,UA,47.08,38.16,57.0,100,100,5.99,overcast clouds
289,San Jeronimo,PE,-11.95,-75.28,66.85,31,21,8.61,light rain
290,Coracao De Jesus,BR,-16.69,-44.37,80.56,53,50,6.71,scattered clouds
291,Korem,ET,12.51,39.52,54.46,72,16,3.31,few clouds
292,Pochutla,MX,15.74,-96.47,91.0,58,40,9.17,scattered clouds
293,Asau,RO,46.43,26.4,46.0,83,79,4.65,broken clouds
294,Oktyabrskiy,RU,54.48,53.47,51.28,60,100,18.05,light rain
295,Richmond Hill,CA,43.87,-79.44,55.99,63,100,4.0,overcast clouds
296,Chingirlau,KZ,51.09,54.08,55.08,38,0,14.03,clear sky
297,Hamilton,US,39.18,-84.53,61.0,67,90,10.29,overcast clouds
298,Heihe,CN,50.24,127.49,28.4,68,20,4.47,few clouds
299,Morondava,MG,-20.28,44.28,75.67,89,10,6.76,clear sky
300,Coihaique,CL,-45.58,-72.07,41.0,80,90,12.75,moderate rain
301,Broome,US,42.25,-75.83,59.0,30,1,10.29,clear sky
302,Muisne,EC,0.6,-80.03,80.6,83,90,10.29,overcast clouds
303,Rusape,ZW,-18.53,32.13,64.27,42,16,3.98,few clouds
304,Lasa,IT,46.62,10.7,42.01,72,5,1.23,clear sky
305,Guerrero Negro,MX,27.98,-114.06,84.15,42,94,10.58,overcast clouds
306,San Juan,AR,-31.54,-68.54,96.76,12,0,11.79,clear sky
307,Rio Gallegos,AR,-51.62,-69.22,55.4,26,75,21.92,shower rain
308,Little Current,CA,45.98,-81.92,41.0,93,90,6.93,light rain
309,Ibaiti,BR,-23.85,-50.19,69.01,93,95,8.01,light rain
310,Richards Bay,ZA,-28.78,32.04,72.03,82,97,15.77,overcast clouds
311,Santa Cruz,BO,-17.8,-63.17,96.8,37,20,13.87,few clouds
312,Shetpe,KZ,44.17,52.12,60.4,28,0,16.4,clear sky
313,Port Hardy,CA,50.7,-127.42,48.2,100,90,10.29,light rain
314,Marsa Matruh,EG,31.35,27.25,71.6,78,0,7.63,clear sky
315,Margate,GB,51.38,1.39,51.01,82,39,5.53,scattered clouds
316,Ban Dung,TH,17.7,103.26,73.0,90,100,10.0,light rain
317,Bangolo,CI,7.01,-7.47,73.72,93,69,2.19,light rain
318,Sarandi,BR,-23.44,-51.87,82.71,49,100,4.9,overcast clouds
319,Inirida,CO,3.87,-67.92,90.34,53,75,0.74,broken clouds
320,Saint-Pierre,RE,-21.34,55.48,69.8,68,0,3.36,clear sky
321,Pisco,PE,-13.7,-76.22,66.2,77,90,8.05,overcast clouds
322,Bambous Virieux,MU,-20.34,57.76,73.4,78,40,11.41,scattered clouds
323,Vostok,RU,46.49,135.88,23.2,93,0,3.67,clear sky
324,Waingapu,ID,-9.66,120.26,79.36,76,4,3.53,clear sky
325,Constitucion,CL,-35.33,-72.42,58.24,57,0,17.67,clear sky
326,Hecun,CN,36.53,114.11,55.54,38,3,3.29,clear sky
327,College,US,64.86,-147.8,19.99,67,90,1.12,overcast clouds
328,Chalons-En-Champagne,FR,48.95,4.37,50.0,87,75,2.24,broken clouds
329,Dombarovskiy,RU,50.76,59.54,46.94,54,27,17.83,scattered clouds
330,Tulun,RU,54.56,100.58,42.69,85,100,16.42,light rain
331,Mezen,RU,65.85,44.24,32.88,96,100,7.43,overcast clouds
332,Itarema,BR,-2.92,-39.92,81.3,69,93,18.03,overcast clouds
333,Katherine,AU,-14.47,132.27,80.6,69,0,8.05,clear sky
334,Helong,CN,42.54,129.0,36.01,77,0,5.37,clear sky
335,Kruisfontein,ZA,-34.0,24.73,55.99,83,4,4.03,clear sky
336,Igarka,RU,67.47,86.58,16.48,96,100,14.23,overcast clouds
337,Port Augusta,AU,-32.5,137.77,48.2,87,0,8.05,clear sky
338,Auki,SB,-8.77,160.7,79.72,79,78,3.53,broken clouds
339,Sheregesh,RU,52.92,87.99,28.45,97,100,9.91,overcast clouds
340,Kirakira,SB,-10.45,161.92,80.73,81,97,7.4,moderate rain
341,Zhezkazgan,KZ,47.8,67.71,45.05,53,0,10.85,clear sky
342,Ambon,ID,-3.7,128.18,79.0,93,61,7.16,broken clouds
343,Khani,GE,41.96,42.96,55.4,87,0,2.24,clear sky
344,Maldonado,UY,-34.67,-54.92,82.4,58,40,9.17,scattered clouds
345,Cherskiy,RU,68.75,161.3,19.89,92,84,7.25,broken clouds
346,Mahebourg,MU,-20.41,57.7,73.4,78,40,11.41,scattered clouds
347,Manturovo,RU,58.34,44.76,42.48,91,100,11.95,light rain
348,Ahuimanu,US,21.44,-157.84,84.2,65,75,3.36,broken clouds
349,Tiksi,RU,71.69,128.87,18.14,95,100,16.28,overcast clouds
350,Ipojuca,BR,-8.4,-35.06,80.6,69,40,12.75,scattered clouds
351,Varna,BG,43.22,27.92,50.0,66,51,10.29,broken clouds
352,Rapid Valley,US,44.06,-103.15,26.6,85,90,11.41,snow
353,Camopi,GF,3.17,-52.32,88.12,50,71,3.94,broken clouds
354,Marmora,IT,44.46,7.09,53.01,93,45,2.24,scattered clouds
355,Sioux Lookout,CA,50.1,-91.92,32.0,86,75,12.75,broken clouds
356,Matara,LK,5.95,80.54,77.95,87,96,10.09,overcast clouds
357,Srednekolymsk,RU,67.45,153.68,21.96,97,75,3.02,broken clouds
358,Batagay-Alyta,RU,67.8,130.41,15.26,88,100,3.85,overcast clouds
359,Vila Velha,BR,-20.33,-40.29,69.8,94,90,4.7,light rain
360,Slavsk,RU,55.04,21.68,41.79,75,66,8.28,broken clouds
361,Morro Bay,US,35.37,-120.85,91.0,40,5,3.0,clear sky
362,Pozzallo,IT,36.73,14.85,63.0,82,89,1.12,overcast clouds
363,Linxia,CN,35.6,103.21,39.2,71,80,1.74,broken clouds
364,Aswan,EG,24.09,32.91,84.52,21,0,10.16,clear sky
365,Jambi,ID,-1.6,103.62,74.52,91,90,3.13,overcast clouds
366,Faanui,PF,-16.48,-151.75,79.45,79,39,8.72,scattered clouds
367,Paratinga,BR,-12.69,-43.18,84.58,44,92,7.09,overcast clouds
368,Non Sang,TH,16.87,102.57,69.8,100,90,3.36,overcast clouds
369,Myronivka,UA,49.66,30.98,44.65,85,39,8.99,scattered clouds
370,Eydhafushi,MV,5.1,73.07,82.45,77,50,13.44,scattered clouds
371,Corinto,GR,37.94,22.96,66.0,40,1,3.2,clear sky
372,Chumikan,RU,54.72,135.31,26.47,86,65,18.05,broken clouds
373,Fort Nelson,CA,58.81,-122.7,21.2,62,5,2.24,clear sky
374,Jalu,LY,29.03,21.55,79.92,24,98,1.36,overcast clouds
375,Hualmay,PE,-11.1,-77.61,66.36,70,24,9.44,few clouds
376,Tual,ID,-5.67,132.75,80.44,81,62,13.18,broken clouds
377,Shingu,JP,33.73,135.98,61.47,70,100,6.82,overcast clouds
378,Skjervoy,NO,70.03,20.97,28.4,100,20,1.12,few clouds
379,Nieuw Amsterdam,SR,5.88,-55.08,88.0,73,93,7.0,overcast clouds
380,Chernyshevskiy,RU,63.01,112.47,17.02,97,91,8.34,overcast clouds
381,Ottumwa,US,41.02,-92.41,43.0,64,40,12.75,scattered clouds
382,Alyangula,AU,-13.85,136.42,68.0,100,22,4.12,few clouds
383,Lastoursville,GA,-0.81,12.73,73.63,92,91,1.19,moderate rain
384,Huarmey,PE,-10.07,-78.15,69.51,64,24,10.8,few clouds
385,Pemba,MZ,-12.97,40.52,77.0,83,40,5.82,scattered clouds
386,Alexander City,US,32.94,-85.95,75.2,57,1,5.28,clear sky
387,Puerto Suarez,BO,-18.95,-57.8,73.4,94,90,14.99,heavy intensity rain
388,Rosario,AR,-32.95,-60.64,102.0,33,24,13.87,few clouds
389,Phalaborwa,ZA,-23.94,31.14,84.2,45,7,8.05,clear sky
390,Ayame,CI,5.61,-3.16,74.55,95,88,3.0,overcast clouds
391,Nome,US,64.5,-165.41,39.2,93,75,9.17,broken clouds
392,Yeppoon,AU,-23.13,150.73,64.4,88,7,2.39,clear sky
393,Lima,PE,-12.04,-77.03,69.8,64,75,10.29,broken clouds
394,Vanimo,PG,-2.67,141.3,78.22,82,100,5.1,light rain
395,Gushikawa,JP,26.35,127.87,73.4,88,1,6.93,clear sky
396,Hastings,GB,50.86,0.57,51.01,76,95,1.1,overcast clouds
397,Fairbanks,US,64.84,-147.72,19.99,67,90,1.34,overcast clouds
398,Taoudenni,ML,22.68,-3.98,86.41,15,0,10.87,clear sky
399,Berlevag,NO,70.86,29.09,28.4,92,40,4.7,scattered clouds
400,Asyut,EG,27.18,31.18,75.2,50,0,9.17,clear sky
401,Taganak,PH,6.08,118.3,78.8,94,20,4.7,few clouds
402,Kavaratti,IN,10.57,72.64,80.71,81,36,11.74,scattered clouds
403,Revelstoke,CA,50.98,-118.2,37.4,86,90,2.24,overcast clouds
404,Rawson,AR,-43.3,-65.1,71.85,21,36,22.39,scattered clouds
405,Erie,US,42.77,-78.67,61.0,36,90,12.75,overcast clouds
406,Ormara,PK,25.21,64.64,81.25,27,65,13.24,broken clouds
407,Namibe,AO,-15.2,12.15,69.46,74,16,3.56,few clouds
408,Zaprudnya,RU,56.57,37.43,33.8,80,75,11.18,broken clouds
409,Dicabisagan,PH,17.08,122.42,77.2,85,39,7.54,scattered clouds
410,Shush,IR,32.19,48.24,65.19,38,0,1.28,clear sky
411,Evensk,RU,61.95,159.23,34.92,94,100,2.66,light rain
412,Inhambane,MZ,-23.86,35.38,73.4,73,20,11.41,few clouds
413,Beroroha,MG,-21.67,45.17,77.25,55,66,4.25,broken clouds
414,Perth,AU,-31.93,115.83,64.4,71,0,6.93,clear sky
415,Cuamba,MZ,-14.8,36.54,74.98,30,22,3.74,few clouds
416,Hargeysa,SO,9.56,44.06,68.52,52,0,4.76,clear sky
417,Victoria,HK,22.29,114.16,75.0,75,27,10.51,scattered clouds
418,Disna,BY,55.57,28.2,36.36,87,0,12.57,clear sky
419,Sangmelima,CM,2.93,11.98,68.94,95,96,2.75,light rain
420,Mitu,CO,1.2,-70.17,86.83,61,89,2.21,overcast clouds
421,Oskemen,KZ,49.96,82.61,28.4,100,75,6.71,mist
422,Shimoda,JP,34.67,138.95,55.0,73,73,1.01,broken clouds
423,Zhigansk,RU,66.77,123.37,10.42,93,71,5.88,broken clouds
424,Northam,GB,51.03,-4.22,50.0,91,80,1.01,broken clouds
425,Luderitz,NA,-26.65,15.16,65.16,50,0,18.5,clear sky
426,Pankrushikha,RU,53.83,80.34,30.97,93,13,8.77,few clouds
427,Coahuayana,MX,18.73,-103.68,82.4,74,75,6.15,broken clouds
428,Nuqui,CO,5.71,-77.27,80.98,80,100,11.21,light rain
429,Alofi,NU,-19.06,-169.92,75.2,100,75,9.17,shower rain
430,Batticaloa,LK,7.71,81.69,78.62,84,78,5.91,light rain
431,Mersing,MY,2.43,103.84,78.8,94,97,4.7,overcast clouds
432,Lompoc,US,34.64,-120.46,75.2,60,1,13.87,clear sky
433,Mecca,SA,21.43,39.83,80.37,18,0,6.62,clear sky
434,Tchollire,CM,8.4,14.17,76.28,66,0,2.59,clear sky
435,Sumbe,AO,-11.21,13.84,75.99,83,100,7.07,overcast clouds
436,Torbay,CA,47.67,-52.73,54.0,100,90,8.05,overcast clouds
437,Santa Vitoria Do Palmar,BR,-33.52,-53.37,76.1,60,0,6.91,clear sky
438,Hirara,JP,24.8,125.28,77.79,80,58,21.25,broken clouds
439,Mokhsogollokh,RU,61.47,128.92,11.21,96,87,5.03,overcast clouds
440,Camacha,PT,33.08,-16.33,71.6,88,40,19.46,scattered clouds
441,Pa Sang,TH,18.53,98.94,75.2,78,75,9.17,broken clouds
442,Shelburne,CA,44.08,-80.2,53.6,76,90,13.87,overcast clouds
443,Phayao,TH,19.25,100.25,66.27,96,100,1.03,overcast clouds
444,Zambezi,ZM,-13.54,23.1,72.93,22,1,5.93,clear sky
445,Xining,CN,36.62,101.77,34.75,81,66,1.61,broken clouds
446,Aksehir,TR,38.36,31.42,61.97,59,100,5.48,overcast clouds
447,Lincoln,US,40.8,-96.67,44.01,38,1,16.11,clear sky
448,Sur,OM,22.57,59.53,83.1,37,8,15.08,clear sky
449,San Patricio,US,28.02,-97.52,91.4,43,20,14.99,few clouds
450,Cedar City,US,37.68,-113.06,75.2,11,1,3.36,clear sky
451,Elk Plain,US,47.05,-122.4,64.4,88,90,6.93,overcast clouds
452,Touros,BR,-5.2,-35.46,80.6,69,20,12.75,few clouds
453,Skibbereen,IE,51.55,-9.27,53.6,93,75,11.41,broken clouds
454,Blois,FR,47.58,1.33,42.01,100,58,3.0,fog
455,Petropavlovsk-Kamchatskiy,RU,53.05,158.65,35.6,100,75,2.24,broken clouds
456,Lokosovo,RU,61.13,74.82,27.23,95,71,10.96,broken clouds
457,Keti Bandar,PK,24.14,67.45,84.34,75,0,6.26,clear sky
458,Goianesia,BR,-15.32,-49.12,80.4,54,94,2.37,light rain
459,Brae,GB,60.4,-1.35,41.0,86,75,9.17,light rain
460,Baillif,GP,16.02,-61.75,82.4,74,22,6.93,few clouds
461,Pandan,PH,14.05,124.17,81.18,85,100,12.06,overcast clouds
462,Sao Gabriel Da Cachoeira,BR,-0.13,-67.09,87.12,62,100,1.05,overcast clouds
463,Khryashchevka,RU,53.81,49.09,53.6,87,90,11.18,overcast clouds
464,Bela,IN,25.93,81.98,76.53,51,0,0.72,clear sky
465,Rocha,UY,-34.48,-54.33,77.79,79,3,6.22,clear sky
466,Colares,PT,38.8,-9.45,64.0,77,88,3.36,overcast clouds
467,Da Nang,VN,16.07,108.22,77.0,100,75,2.1,heavy intensity rain
468,Astana,KZ,51.18,71.45,23.0,85,0,4.47,clear sky
469,Ketchikan,US,55.34,-131.65,44.6,75,90,9.17,light rain
470,Verkhnyaya Inta,RU,65.98,60.31,24.22,97,80,5.3,broken clouds
471,Diapaga,BF,12.07,1.79,84.83,45,72,4.21,broken clouds
472,Chkalovsk,RU,56.76,43.24,42.8,87,75,17.9,light intensity shower rain
473,Amapa,BR,1.0,-52.0,85.19,53,100,1.54,overcast clouds
474,Vawkavysk,BY,53.16,24.45,37.85,82,63,10.18,broken clouds
475,Ghanzi,BW,-21.57,21.78,74.73,18,0,9.89,clear sky
476,Sinnar,SD,13.57,33.57,85.75,45,7,12.82,clear sky
477,Evanston,US,42.04,-87.69,43.0,81,90,6.93,moderate rain
478,Antalaha,MG,-14.9,50.28,70.38,84,6,7.27,clear sky
479,Barcelos,PT,41.54,-8.62,68.0,49,100,6.93,overcast clouds
480,Praia Da Vitoria,PT,38.73,-27.07,59.0,82,40,12.19,scattered clouds
481,Shizilu,CN,35.17,118.83,52.12,45,94,0.98,light rain
482,Manjacaze,MZ,-24.71,33.88,69.96,72,0,10.65,clear sky
483,Botngard,NO,63.77,9.81,42.8,70,40,21.92,scattered clouds
484,Tabou,CI,4.42,-7.35,77.4,90,85,6.46,light rain
485,Terrasini,IT,38.15,13.08,62.6,67,23,5.82,few clouds
486,Caxias,PT,38.7,-9.28,64.0,77,54,3.36,broken clouds
487,Praia,CV,14.92,-23.51,80.6,83,60,4.7,broken clouds
488,Mounana,GA,-1.41,13.16,71.65,92,76,1.59,broken clouds
489,Maniitsoq,GL,65.42,-52.9,39.49,91,94,13.71,overcast clouds
490,Rio Claro,BR,-22.41,-47.56,77.72,55,93,9.44,overcast clouds
491,Upington,ZA,-28.45,21.26,80.6,9,0,1.12,clear sky
492,Talaya,RU,61.38,152.75,23.49,96,100,1.3,overcast clouds
493,Gerede,TR,40.8,32.2,52.66,94,100,1.01,overcast clouds
494,Tevaitoa,PF,-16.78,-151.5,79.99,80,74,14.29,light rain
495,Vila Franca Do Campo,PT,37.72,-25.43,59.0,62,20,6.93,few clouds
496,Carballo,ES,43.21,-8.69,64.99,82,76,2.24,light rain
497,Atar,MR,20.52,-13.05,91.67,22,0,10.51,clear sky
498,Puruandiro,MX,20.08,-101.5,77.0,36,20,5.82,few clouds
499,Gorontalo,ID,0.54,123.06,74.48,87,100,1.63,overcast clouds
500,Vuktyl,RU,63.86,57.31,29.68,97,100,7.11,overcast clouds
501,Elat,IL,29.56,34.95,82.4,61,0,8.05,clear sky
502,Buraydah,SA,26.33,43.98,73.4,23,0,4.7,clear sky
503,Banda Aceh,ID,5.56,95.32,81.03,69,100,11.5,overcast clouds
504,Port-Gentil,GA,-0.72,8.78,78.8,88,75,8.05,broken clouds
505,Zagora,MA,30.35,-5.84,71.24,22,99,5.53,overcast clouds
506,Husavik,IS,66.04,-17.34,41.0,80,90,17.22,overcast clouds
507,Usinsk,RU,65.99,57.53,25.88,96,61,4.34,broken clouds
508,Almaty,KZ,43.25,76.95,48.2,36,0,6.71,clear sky
509,Garowe,SO,8.41,48.48,78.96,68,13,7.09,few clouds
510,Quepos,CR,9.42,-84.17,80.6,69,75,13.87,broken clouds
511,Havelock,US,34.88,-76.9,73.99,64,5,12.75,clear sky
512,Durusu,TR,41.31,28.68,64.99,63,75,16.11,broken clouds
513,Chiredzi,ZW,-21.05,31.67,75.96,50,0,5.26,clear sky
514,Sao Felix Do Xingu,BR,-6.64,-51.99,89.13,39,76,1.57,broken clouds
515,Daru,PG,-9.08,143.21,78.75,87,100,8.86,overcast clouds
516,Redlands,US,34.06,-117.18,90.0,19,20,3.36,few clouds
517,Maumere,ID,-8.62,122.21,79.21,77,24,3.36,few clouds
518,Emba,KZ,48.83,58.14,53.22,62,0,11.3,clear sky
519,Senanga,ZM,-16.12,23.27,74.32,20,0,5.35,clear sky
520,Pachino,IT,36.72,15.09,63.0,76,100,7.2,overcast clouds
521,Uvira,CD,-3.41,29.15,76.48,58,51,1.41,broken clouds
522,Kayankulam,IN,9.18,76.5,76.77,89,100,3.6,light rain
523,Alice Springs,AU,-23.7,133.88,71.6,40,79,16.11,broken clouds
524,Biograd Na Moru,HR,43.94,15.45,51.01,93,0,2.24,clear sky
525,Sampit,ID,-2.53,112.95,72.86,99,92,2.13,moderate rain
526,Guadalupe Y Calvo,MX,26.1,-106.97,75.9,32,12,6.15,few clouds
527,Sarai Naurang,PK,32.83,70.78,72.39,20,0,3.74,clear sky
528,Candolim,IN,15.52,73.76,77.0,100,40,2.24,mist
529,Tahe,CN,52.33,124.73,23.32,93,21,1.61,few clouds
530,Vangaindrano,MG,-23.35,47.6,68.79,84,95,4.88,overcast clouds
531,Paralimni,CY,35.04,33.98,75.0,73,0,9.17,clear sky
532,Jacareacanga,BR,-6.22,-57.75,92.39,44,62,1.66,light rain
533,Pucallpa,PE,-8.38,-74.55,87.8,62,75,6.93,broken clouds
534,Betong,TH,5.77,101.07,71.89,93,100,1.7,overcast clouds
535,Waipawa,NZ,-41.41,175.52,57.2,76,100,23.04,moderate rain
536,Nago,JP,26.59,127.98,73.4,88,1,6.93,clear sky
537,Langarud,IR,37.2,50.15,62.6,100,0,3.8,mist
538,Bontang,ID,0.13,117.5,78.85,84,98,4.03,overcast clouds
539,Balbriggan,IE,53.61,-6.18,50.0,93,75,3.36,broken clouds
540,Marawi,PH,8.0,124.29,75.0,93,100,4.0,overcast clouds
541,Hihya,EG,30.67,31.59,73.4,78,0,13.87,clear sky
542,Prince George,CA,53.92,-122.75,33.01,68,75,3.36,broken clouds
543,Buala,SB,-8.14,159.59,83.07,74,38,4.65,scattered clouds
544,Almeirim,BR,-1.52,-52.58,91.26,41,79,4.14,broken clouds
545,Kieta,PG,-6.22,155.63,81.39,75,84,1.39,broken clouds
546,Gondanglegi,ID,-7.75,112.01,76.68,83,89,10.51,overcast clouds
547,Biltine,TD,14.53,20.92,86.74,14,0,7.47,clear sky
548,Lata,PT,40.16,-8.33,59.0,55,79,5.61,broken clouds
549,Bundaberg,AU,-24.85,152.35,71.01,88,35,6.93,scattered clouds
550,Kloulklubed,PW,7.04,134.26,82.4,78,90,8.05,overcast clouds
551,Lampazos De Naranjo,MX,27.02,-100.52,94.86,27,0,6.55,clear sky
552,Turayf,SA,31.67,38.66,66.2,23,0,6.93,clear sky
553,Maningrida,AU,-12.07,134.27,75.47,85,69,4.94,broken clouds
554,Visby,SE,57.64,18.3,48.0,52,7,24.16,clear sky
555,Mwinilunga,ZM,-11.74,24.43,68.83,41,0,4.16,clear sky
556,Dingle,PH,11.0,122.67,76.28,91,100,5.21,overcast clouds
557,Rapu-Rapu,PH,13.19,124.13,83.03,80,100,13.0,moderate rain
558,Altay,CN,47.87,88.12,39.81,68,99,2.68,overcast clouds
559,Deputatskiy,RU,69.3,139.9,12.51,95,100,8.81,overcast clouds
560,Alappuzha,IN,9.49,76.33,78.15,86,100,3.89,overcast clouds
561,Namatanai,PG,-3.67,152.43,81.93,70,0,4.12,clear sky
562,Stornoway,GB,58.21,-6.39,45.0,87,100,6.93,overcast clouds
563,Urumqi,CN,43.8,87.6,51.8,32,45,6.71,scattered clouds
564,Palatka,US,29.65,-81.64,82.0,69,0,1.99,clear sky
565,Mendota,US,36.75,-120.38,89.01,23,20,4.7,few clouds
566,Karratha,AU,-20.74,116.85,62.44,90,0,10.69,clear sky
567,Maltahohe,NA,-24.83,16.98,72.63,20,27,11.34,scattered clouds
568,Bay Roberts,CA,47.6,-53.26,55.99,100,90,8.05,overcast clouds
569,Xambioa,BR,-6.41,-48.54,93.34,28,55,2.66,broken clouds
570,Tlacotepec,MX,20.07,-97.87,71.6,72,16,5.88,few clouds
571,Antofagasta,CL,-23.65,-70.4,59.0,82,90,12.75,overcast clouds
572,Eureka,US,40.8,-124.16,64.99,72,1,3.36,clear sky
573,Kifri,IQ,34.7,44.97,69.15,24,0,6.33,clear sky
574,Yerofey Pavlovich,RU,53.97,121.97,22.23,91,97,1.99,overcast clouds
575,Naryan-Mar,RU,67.67,53.09,28.58,96,25,1.39,scattered clouds
576,Lake Havasu City,US,34.48,-114.32,96.01,9,1,4.7,clear sky
577,Klaksvik,FO,62.23,-6.59,39.2,93,100,6.93,light rain
578,Barmer,IN,25.75,71.38,84.7,64,24,4.27,few clouds
579,High Level,CA,58.52,-117.14,24.8,62,75,3.36,broken clouds
580,Ovre Ardal,NO,61.32,7.8,35.6,69,40,14.99,scattered clouds
581,Saint-Augustin,CA,51.23,-58.65,50.43,60,0,4.74,clear sky
582,Labuhan,ID,-6.88,112.21,78.21,82,67,6.69,broken clouds
583,Aripuana,BR,-9.17,-60.63,76.91,86,100,0.38,moderate rain
584,Kichera,RU,55.94,110.1,39.0,80,100,3.38,overcast clouds
585,Key Largo,US,25.09,-80.45,84.2,74,75,18.34,broken clouds
586,Sechura,PE,-5.56,-80.82,76.21,54,9,16.71,clear sky
587,Kissamos,GR,35.49,23.66,71.01,72,75,4.7,broken clouds
588,Key West,US,24.56,-81.78,87.8,62,20,13.87,few clouds
589,Chiriqui Grande,PA,8.95,-82.12,69.01,82,99,4.27,light rain
590,Boissevain,CA,49.23,-100.06,28.99,42,75,14.99,broken clouds
591,Phangnga,TH,8.45,98.53,80.01,94,20,2.24,few clouds
592,High Prairie,CA,55.43,-116.49,26.13,76,0,0.92,clear sky
593,Kenai,US,60.55,-151.26,36.0,86,90,3.36,light rain
594,Acapulco,MX,16.86,-99.89,87.8,74,75,9.17,broken clouds
595,Pervomayskoye,RU,43.92,46.71,55.94,94,0,0.76,clear sky
596,Kasempa,ZM,-13.46,25.83,69.62,24,0,6.49,clear sky
597,The Valley,AI,18.22,-63.06,86.0,83,40,3.36,scattered clouds
598,Bubaque,GW,11.28,-15.83,82.56,86,0,11.83,clear sky
599,San Julian,MX,21.02,-102.17,75.22,38,34,1.95,scattered clouds
600,Saint-Honore,CA,48.53,-71.08,46.99,75,90,11.41,overcast clouds
601,Chara,RU,56.91,118.26,18.97,89,93,0.38,overcast clouds
602,Oktyabrskoye,RU,43.06,44.74,44.6,87,7,6.71,clear sky
603,Kanniyakumari,IN,8.08,77.57,79.03,82,100,15.23,overcast clouds
604,Porto Novo,BJ,6.5,2.6,80.6,83,40,9.17,scattered clouds
605,Olavarria,AR,-36.89,-60.32,79.11,81,20,4.16,moderate rain
606,Muriti,TZ,-1.98,32.92,73.4,78,40,10.29,scattered clouds
607,Axim,GH,4.87,-2.24,77.68,88,48,7.11,scattered clouds
608,Segezha,RU,63.74,34.32,34.05,97,100,12.8,light rain
609,Guangyuan,CN,32.44,105.82,57.0,94,100,4.41,overcast clouds
610,Opuwo,NA,-18.06,13.84,74.16,19,0,5.68,clear sky
611,La Grande,US,45.32,-118.09,62.01,55,90,8.12,overcast clouds
612,Miri,MY,4.41,114.01,77.0,100,40,3.36,scattered clouds
613,Pangai,TO,-19.8,-174.35,75.2,78,75,6.93,broken clouds
614,Yar-Sale,RU,66.83,70.83,19.09,96,28,7.27,scattered clouds
615,Kachug,RU,53.96,105.88,36.93,78,100,0.92,overcast clouds
616,Hervey Bay,AU,-25.3,152.85,73.0,88,7,6.93,clear sky
617,Tadine,NC,-21.55,167.88,73.35,75,4,14.45,clear sky
618,Caravelas,BR,-17.71,-39.25,72.95,80,54,8.43,broken clouds
619,Duku,NG,11.24,4.91,80.53,64,22,4.52,few clouds
620,Kuching,MY,1.55,110.33,73.4,100,40,3.36,scattered clouds
621,Penarroya-Pueblonuevo,ES,38.3,-5.27,66.2,39,82,2.24,broken clouds
622,Nurota,UZ,40.56,65.69,46.4,33,0,4.7,clear sky
623,Brigantine,US,39.41,-74.36,64.4,55,75,12.75,broken clouds
624,Karla,EE,59.37,24.93,41.0,75,75,14.99,broken clouds
625,Yongan,CN,39.7,113.69,40.98,57,0,1.59,clear sky
626,Oeiras,BR,-7.03,-42.13,90.5,20,94,4.92,overcast clouds
627,Puerto Escondido,MX,15.85,-97.07,86.0,66,40,5.82,scattered clouds
628,Kupang,ID,-10.17,123.58,77.88,72,8,3.98,clear sky
629,Gazanjyk,TM,39.24,55.52,59.43,32,0,10.65,clear sky
630,Paita,PE,-5.09,-81.11,68.61,71,27,18.34,scattered clouds
631,Hovd,MN,48.01,91.64,38.89,62,100,7.81,overcast clouds
632,Balabac,PH,7.99,117.06,81.45,78,100,11.27,overcast clouds
633,Westport,US,41.14,-73.36,62.6,51,40,9.17,scattered clouds
634,Mayor Pablo Lagerenza,PY,-19.93,-60.77,99.75,28,30,8.43,scattered clouds
635,Rognan,NO,67.1,15.39,28.0,80,6,2.24,clear sky
636,Luganville,VU,-15.53,167.17,78.8,78,75,6.93,broken clouds
637,Ramnicu Valcea,RO,45.1,24.37,45.28,65,68,5.12,broken clouds
638,Bolgatanga,GH,10.79,-0.85,83.34,59,38,3.13,scattered clouds
639,Narathiwat,TH,6.33,101.75,77.0,94,20,2.24,moderate rain
640,Codrington,AU,-38.27,141.97,47.53,95,39,5.99,scattered clouds
641,Port-Cartier,CA,50.03,-66.87,44.6,87,75,6.93,broken clouds
642,Taldan,RU,53.67,124.8,19.58,97,4,1.43,clear sky
643,Banjarmasin,ID,-3.32,114.59,75.2,100,90,9.17,overcast clouds
644,Kondinskoye,RU,59.65,67.41,30.25,97,100,10.25,overcast clouds
645,Amanganj,IN,24.43,80.03,76.69,62,0,4.14,clear sky
646,Inuvik,CA,68.35,-133.72,15.8,72,5,3.36,clear sky
647,Novobirilyussy,RU,56.95,90.67,30.96,92,100,14.36,overcast clouds
648,Igrim,RU,63.19,64.42,29.71,94,86,6.78,overcast clouds
649,Yenagoa,NG,4.92,6.26,76.32,93,19,4.25,few clouds
650,Yining,CN,29.04,114.56,55.92,89,99,1.03,overcast clouds
651,Gamba,GA,-2.65,10.0,77.05,90,97,8.23,overcast clouds
652,Seoul,KR,37.57,126.98,46.4,100,1,1.25,light rain
653,Berasia,IN,23.63,77.43,78.82,66,62,4.94,broken clouds
654,Saldanha,ZA,-33.01,17.94,59.0,77,100,9.17,overcast clouds
655,Magdagachi,RU,53.45,125.8,20.91,94,0,2.44,clear sky
656,Tarko-Sale,RU,64.92,77.78,25.14,97,64,15.86,broken clouds
657,Itoman,JP,26.12,127.67,77.0,83,20,13.87,few clouds
658,Kidal,ML,18.44,1.41,89.8,13,31,9.64,scattered clouds
659,Baiao,BR,-2.79,-49.67,85.77,61,94,2.53,overcast clouds
660,Jermuk,AM,39.84,45.67,47.39,47,0,1.59,clear sky
661,Payo,ID,-3.75,103.64,73.51,95,100,3.18,overcast clouds
662,Tazovskiy,RU,67.47,78.7,21.24,95,95,14.54,overcast clouds
663,Akureyri,IS,65.68,-18.09,41.0,80,90,17.22,overcast clouds
664,Amahai,ID,-3.33,128.92,79.0,93,68,1.68,broken clouds
665,Onalaska,US,43.88,-91.24,46.0,42,75,10.29,broken clouds
666,Ainazi,LV,57.86,24.36,42.69,70,99,21.9,light rain
667,Nioro,GM,13.35,-15.75,80.6,71,0,5.41,clear sky
668,Malindi,KE,-3.22,40.12,77.94,80,0,11.48,clear sky
669,Jelling,DK,55.76,9.43,42.01,93,25,6.93,scattered clouds
670,Salinas,US,36.68,-121.66,81.0,32,1,8.05,clear sky
671,Georgiyevka,KZ,43.04,74.71,48.2,49,0,6.71,clear sky
672,Chipinge,ZW,-20.19,32.62,62.6,67,0,4.52,clear sky
673,Tucuman,AR,-26.82,-65.22,105.8,26,0,19.46,clear sky
674,Nesbyen,NO,60.57,9.1,28.99,68,99,8.99,overcast clouds
675,Iqaluit,CA,63.75,-68.51,32.0,96,90,20.8,mist
676,Xapuri,BR,-10.65,-68.5,96.62,32,30,5.39,scattered clouds
677,Bani,DO,18.28,-70.33,88.0,70,40,11.41,scattered clouds
678,Erenhot,CN,43.65,111.98,43.12,54,0,12.46,clear sky
679,Ilo,PE,-17.64,-71.34,63.63,71,71,4.68,broken clouds
680,Sarakhs,IR,36.54,61.16,53.6,45,0,2.24,clear sky
681,Champerico,GT,14.3,-91.92,89.6,62,40,11.41,scattered clouds
682,Hirapur,IN,21.53,79.77,73.35,91,45,3.0,light rain
683,Kiama,AU,-34.68,150.87,60.01,92,86,1.99,overcast clouds
684,Ceuta,ES,35.89,-5.31,68.0,82,92,13.87,overcast clouds
